text,label
"[Post Game Thread] The New York Knicks (4-0) complete the sweep as they devastate the Cleveland Cavaliers (0-4) in Game 4, 130-93, to advance to their first NBA Finals since 1999",reactionary_vent
"cavs really brought back delly to the arena for game 4 to just play with 0 hustle & effort

absolutely shameless ",reactionary_vent
Game coulda been an email,reactionary_vent
Disagree. Game 1 was cinema. 2-4 however… ,hot_take
Game 1 was a great litmus test for the Knicks. ,hot_take
Just like Game 1 in the NBA Finals will be,reactionary_vent
Could’ve faxed it on over to the league office ,reactionary_vent
This. Game 1 was really important for them ,hot_take
Game 1 was a good lesson in bad basketball coaching lol.,hot_take
Straight up embarrassing. ,reactionary_vent
Game could have been a text,reactionary_vent
Game was already implied and no follow up text was needed,reactionary_vent
Could have been 1 word: swept,hot_take
Start to finish they just looked like they wanted no part of that game,reactionary_vent
Yeah no need to get injured in this kind of game,reactionary_vent
What’s up with this comment? I’ve seen this specific comment like 12 times about this series,reactionary_vent
"They quit publicly and loudly at the end of game 3 when Brunson got that layup. 

I don't care what happens, foul that mf. Put a body on him. Take a flagrant. Do something! Wtf. 

Knicks took their souls out of their body and it sounds so weird to say that shit, but I havent seen dismantlings like this very often at all.",hot_take
"I told one of my friends after Game 1 that this Cavs team would basically play a similar series that the Knicks did last year after blowing Game 1 to Indiana where they just wouldn’t be right whatsoever, but at least New York showed toughness and grit Cleveland meanwhile just keeled over and let New York stomp all over them",analysis
Yeah so weird to watch a team just be like “alright nah this isn’t worth the effort.”,reactionary_vent
"Even more baffling since it's not like it's gonna be better next year for them. The Knicks will assuredly keep their core intact, the Pacers will be back with a vengeance after they tanked this season, Pistons will probably make some moves during the offseason to avoid the absolute choke they suffered this year, hell, even the Wizards will probably be competitive after their high draft pick. 

Wtf are the Cavs thinking, it's gonna be even tougher to even make it to this point come next year, why did they not fight for it like their lives depended on it?",analysis
"I felt that way as well. Just such a demoralising loss as the underdog that would have also given the Knicks immense confidence. 

I was a bit uncertain though after the Knicks won game 2 by a notable but not enormous margin and then had to play on the road, but they were ultimately able to sweep.",hot_take
I understand what ur saying but u just said to essentially beat the shit outta Brunson lol,reactionary_vent
"Told my brother the second they took the lead tonight, that the game was over. They were not gonna let up, they were gonna go for the head and take their soul and there would be nothing the Cavs could do.",analysis
Luka Mavs dismantling the Suns in '22 was crazy,reactionary_vent
"Pacers did this to the Cavs as well. So it’s not that long ago the same thing happened. We had a stinker in game 3, but everything about that series felt like the Cavs had no fight or soul.",reactionary_vent
Absolutely did. These professionals should be genuinely ashamed of themselves. ,reactionary_vent
"They started out okay, not special, but had the lead, but the Knicks chipped away and got it to 1 point, Cavs were cooked. Once things weren't going their way, they stopped putting in effort until the end of the 2nd quarter and early in the 3rd.",analysis
Mitchell was the only one who gave a fuck. I think you gotta blow it up,reactionary_vent
It’s what happens when you have a vet like harden on the team. Same for Durant.,hot_take
They’re soft,reactionary_vent
They missed 29 threes just like the Harden led Rockets in the 2019 WCF,reactionary_vent
2019 rockets lost in the second round,reactionary_vent
The Cavs pretty much lost in the 2nd round too fwiw,reactionary_vent
Same season that KD and Klay got injured in the Finals. Awful shit. ,reactionary_vent
"They lost to the best team of all time, it's like losing in the Super Finals or some shit",hot_take
The best team of all time who didn’t even have the 2x FMVP in the closeout game,hot_take
His Cancun charter flight was waiting for him since game7 vs pistons ,reactionary_vent
Tonight looked like a Knicks scrimmage.,reactionary_vent
"As a Sydney kings fan I loved seeing that

Bro was a big part in kings winning the NBL championship this season",reactionary_vent
One of my favorite players ever. A prime a example of a guy who uses hustle and intelligence to overcome (relatively) limited athleticism.,reactionary_vent
analytically its still 2-2,hot_take
They’ve quit since the end of game 3,reactionary_vent
"Mitchell was the only guy out there playing like it's the last game.

Honestly just trade Mobley and a ton of picks for Giannis or something idk",hot_take
I saw Delly and got nervous ,reactionary_vent
It was over when Vivek showed up to the arena ,hot_take
He still could've laced up and given more effort than that Cavs team,reactionary_vent
LET THEM KNOW ,reactionary_vent
Bron to come back to Cleveland next season to save them for his swansong!,reactionary_vent
Apparently the Cavs had played every other day for almost a month. I’m sure they were absolutely gassed.,reactionary_vent
"This is going to sound crazy, but I was actually kind of impressed that they tried as hard as they did. After that one play at the end of last game, I thought today would be a record-breaking blowout",hot_take
CJ McCollum doomed us all when he woke up the Go New York Go Knicks,reactionary_vent
He woke up a monster,reactionary_vent
I cant believe this team was down 2-1 just a couple weeks ago. The takes then was amazing,reactionary_vent
Glad we didn’t fire Mike Brown between games 3 and 4 ,reactionary_vent
"Mike Brown has been a solid coach since his stint with the Warriors. He completely reworked how he coaches offense. Crazy to think he was a defense first coach not long ago with some of the worst offensive game plans we have ever seen.

Rarely see coaches completely flip their philosophy and style after so many years in the league.

Dude went from terrible offensive game planning to one of the better coaches offensively in the league.

He was getting relentlessly clowned not long ago. lol haven’t heard Mr potato head in a long long time.

Sacramento was dumb to let him go along with a million other bad moves.",analysis
It’s nice to think we’re all capable of change and improvement ,reactionary_vent
Someone should tell that baby that people can change,reactionary_vent
I definitely remember hating Mike Brown when he was coach of the Lakers,reactionary_vent
"Honestly, that should be a blueprint for failed HCs. Go be an assistant for a team with a good system for 3-5 years. Then leave and bring that system (or something similar) to your next HC job. 

Obviously hard to get the assistant job in the first place, but definitely not impossible.",analysis
Remember the Bridges takes? [Remember this shit?](https://www.reddit.com/r/nba/comments/1su208e/post_game_thread_the_atlanta_hawks_21_defeat_the/ohxvdx7/) Literally clowning the Knicks for signing OG.,reactionary_vent
Its crazy but that was last month. Knicks haven't lost since April 23rd,reactionary_vent
I hope people finally shut up about January 2024 Knicks 😂😭 May 2026 Knicks has been a more dominant stretch than any stretch Knicks experienced in their regular or postseason history! ,hot_take
More dominant than any team ever lol it's bonkers,hot_take
The last time the Knicks lost by more than 1 (without starting Mohamed Diawara and Ariel Hukporti because their playoff seeding was locked) was March.,reactionary_vent
Its crazy it is also the last time they played a western team. Joking aside it is great to see Knicks in finals.,reactionary_vent
Dyson Daniels feeling some redemption right now at Cancun.,reactionary_vent
Best defensive guard in the east. Forced NY to play through KAT,hot_take
Ywah I'm glad to have bitten my words lol ,reactionary_vent
"We had people on our own sub saying ""Hawks are going to destroy us, time to blow it up"" lmai",reactionary_vent
"Knicks deserve all their flowers. I don’t want to take credit away from how dominant they’ve been really since game 5 against Atlanta.

Let’s be real though, both the Pistons and Celtics were depleted and in bad form, which led to them getting beat by mediocre teams like the Sixers and Cavs. And on top of that, Cavs and 6ers were probably impacted by playing a tough 7 game series before the Knicks. Hawks were the only team able to give the Knicks a good series.

It’s gonna be interesting to see what happens in the Finals. I bet OKC and SAS also go 7 games and beat each other up. Could the Knicks be so hot and so rested that they could upset OKC or SAS?",hot_take
Literally kicked the Knicks in the nuts to wake them up.,reactionary_vent
What this team needs unfortunately ,reactionary_vent
"Quin Snyder after game 3:

>I fear all we have done is to awaken a sleeping giant and fill him with a terrible resolve.",reactionary_vent
Like a prophet ,reactionary_vent
He did it for Jennifer!,reactionary_vent
"New record for largest average margin of victory in a Conference Finals series at +19.25. Previously was the 96 Bulls vs Magic @ +16.75, closest in more recent history was the 2017 Warriors vs Spurs @ +16.0.

What an accomplishment. The Finals will be interesting no matter who comes out the West.",analysis
He should get his number retired by the Knicks if they win the Finals.,reactionary_vent
"From what I hear, they've got quite a bit of latitude as to who gets a ring, so.../shrug?",reactionary_vent
He’s getting a plaque next to Brunson’s statue,hot_take
"If the Knicks win the finals, he 100% gets a ring",reactionary_vent
"Bring his doofy ass to the parade lol
",reactionary_vent
lol. Brunson telling Josh Hart to get the fuck away for the post game interview. No oil checks!,reactionary_vent
Those MSG Finals tickets are going to be the most expensive NBA tickets of all time,hot_take
I think it's close to 100k for courtside,reactionary_vent
It’s over 100k already. If it goes to 7 I can only imagine they’ll be well over double that. ,hot_take
"To be very pedantic, the series going to game 7 doesn't matter at all because the team out of the west will have home court advantage no matter who wins.",analysis
"Oops. Not pedantic just the facts.

Game 6*
",reactionary_vent
"I'm in NY rn and yeah they are outrageous for the ecf, neeevermind the finals",reactionary_vent
Kat has led the knicks in plus minus this seires while being down in scoring and shot attepmts from his norm. This is sacrifice for winning and it has not been a big enough story.,analysis
"Love KAT, the Timberwolves sub might as well be the backup Knicks sub for the next couple weeks. Especially if it ends up being Knicks vs Thunder in the finals.",hot_take
KAT has been so good in this stretch. Excellent drop coverage and on the other end reading the  defense so well and making the right play. Hope he continues this stretch in the finals. I'm sure T-wolves fans are proud. ,analysis
"From what I've seen, every sub might asl well be the backup Knicks sub if it ends up being Knicks vs Thunder. People really hate okc lol


But  yeah I'm rooting for the Knicks to win it all now",analysis
"&gt; People really hate okc lol

and the Knicks are playing loose as fuck, just miracle on ice basketball lol, it'll be an actual repeat of like the 2014 beautiful game Spurs if they can keep doing this against the winner of SAS-OKC",hot_take
"Fr, some of our ball movement has been out-fucking-standing. 6 Knicks in double figures tonight, 5 with 15+, everyone's a killer rn. They're playing with so much belief in each other.",analysis
It will be a cold day in hell before I root for a NY team.,hot_take
only thing i have to be upset about this playoffs is the fact that we didnt get the chance to sweep the celtics instead of the sixers &lt;3,reactionary_vent
"we love kat, I can't tell who I love more between him and OG with their signings and now mikael stepped it up too - just full on knick boner right now for everyone in the tristate",reactionary_vent
"His playmaking has shocked me, I heard someone say there’s a lot of similarities with how Mike Brown helped draymond in GS take up positions to be a facilitator and since then I can’t unsee it, watching KAT stand with the ball outstretched behind him only to absolutely rifle it to someone on a cut or for a shot it has that same energy/ feel to it as when draymond would do it for GS.",reactionary_vent
"Except KAT is even a bigger offensive threat, but I get the comparison.",hot_take
"Exactly, it’s like the most idealised form of the threat, adding the same offensive passing / facilitator role but also having it residing within a more deadly pair of hands. It’s been great to watch. ",analysis
I really think he enjoys doing a playmaking role though,hot_take
"Hey Jokic, KAT is here. We're all good. ",hot_take
Yeah the key thing is that his touches are way up.,reactionary_vent
He said he chose his jersey number after Magic.,reactionary_vent
He looked so fucking happy during the postgame ceremony. I’m happy for him. ,reactionary_vent
seriously underrated player. ,hot_take
"Number one pick, multiple all nba, multiple all star, multiple extended playoff runs all while on a max contract.  If he’s underrated in your circles, find better circles?  Lol pure nonsense ",hot_take
"yes despite all of this he has become underrated though. 

and also got scapegoated by the T wolves ",hot_take
Pretty great. Bill Simmons and Zack Lowe have talked about it on their podcasts. So at least some people have noticed. ,reactionary_vent
"KAT being Dominican, localish and winning finals mvp might cause uptown to be shut down.

",hot_take
This! The best part about him is he doesn’t need a lot of shot attempts to make an impact. Many stars can only make an impact if they have the ball and take a lot of shots. KAT is so impactful and efficient he can go 8/11 or 5/8 and still get a double double or triple double. ,analysis
Not everything has to be a story,hot_take
"Shoutout to Mike Breen for staying neutral on the broadcast. As the Knicks local announcer and life long fan, it must be surreal for him (and all Knicks fans) to see his team get back to the finals after all these years. I know there are 4 more wins to go but this season has been a dream.",reactionary_vent
He’s neutral for now but if they hit a game winner in the Finals he’s dropping the first ever quadruple bang.,hot_take
Breen: So anyway I started BANGing,reactionary_vent
When a guy's bangin u...,reactionary_vent
come on now,reactionary_vent
They young boys comin,reactionary_vent
Mike Breen gonna try that New York street meat with Chuck,reactionary_vent
The Gang BANGs the Knicks,reactionary_vent
he got a bang in tn 🥰,reactionary_vent
[he don’t want to know your name. he just wants bangbangbang](https://youtu.be/3dF6_U0V2ec?si=G8h-DOkJo0OwB8cB),reactionary_vent
Let me bang bro!,reactionary_vent
Brunson with the fabled put back game winning dunk over Wemby/Chet,hot_take
Over Wemby standing on Chet's shoulders,hot_take
We saw tonight that the man cannot dunk lmao,reactionary_vent
He held his cards near to his chest shh!,hot_take
"So many bangs, people be wondering if they are watching a nba game or a wild west show.",reactionary_vent
"He had said if the Knicks ever got to the Finals he'd break out a ""Bang, Bang, BANG,"" but this was such an ass whooping he didn't have the opportunity for it. ",reactionary_vent
"we got one bang tn from him, surprisingly!",reactionary_vent
So many bangs that he'll summon Cactus Jack,reactionary_vent
He said he would do a triple bang if Brunson or Hart hit a game winning shot in the finals. ,reactionary_vent
"he's definitely gonna cry after the broadcast ends, he's been with us for so long...",hot_take
I know him and Clyde are having a moment in that arena rn. They have seen some absolutely putrid Knicks basketball over the years ,reactionary_vent
yup Clyde has said multiple times in the past that the worst years of his life and NBA career happened when he was sadly traded to the Cavs..,reactionary_vent
You can clearly see all those guys respect the two of them so fucking much ,hot_take
"I dont give a shit what team you root for, if you dont respect Clyde and Breen you are not a fan of NBA basketball, two absolute fucking legends",hot_take
"Yeah I’m 100% thrilled for Clyde, dude deserves it, absolute legend! ",reactionary_vent
"Hearing him talk about his fandom is what I live for, man. I'm not going to say anything to jinx anything but I'm excited for the possibilities of what the call *could be* with Breen on the broadcast next round.",reactionary_vent
"I really think Breen is the goat NBA commentator, hes just so fantastic at his job and genuinely loves and cares about basketball.  ",reactionary_vent
The April fools prank with Clyde from like 97 is hilarious. I love learning lore of how long some these people have been in some organizations,reactionary_vent
"since the 80s really, he started off as a radio play by play for the Knicks alongside Clyde when he had retired a few years prior, and it took Marv Albert getting canned by MSG and NBC (see his ""biting"" incident) for Breen to finally get elevated into the Knicks/MSG Networks' main play by play in the late 90s and eventually the NBA Finals play by play since 2006",hot_take
SAS can stay on the other side...,hot_take
SAS is 10 times more interested in his manufactured beef with Jaylen Brown than our team.,hot_take
"I hate to be a participation trophy person but imo just making the finals is a massive organizational and individual achievement. This season and team should go down in NY Knicks lore for generations. Just being 0-0 and having a shot at the finals, vying for being the best team in the world should be celebrated ",reactionary_vent
"The notion of winning the finals is the absolute only thing that matter is so stupid to me. This is a huge moment for NY basketball and it should be treated as such, whether they win or lose this is a huge notch on all their belts and it really should be respected as such.",hot_take
"I’ve never understood this mindset as fans. 

I grew up in Chicagoland and have been a diehard Bears fan my entire life.

This past season they had was legitimately the most fun I have ever had watching football. Even without a championship it will go down as an all time season to Bears fans I think. 

The knicks making it back to the finals is an incredible achievement and no matter how the finals go it should be something remembered so fondly ",hot_take
NYC. is going to BURN if they somehow win the Finals. it's going to be the biggest party we've seen in decades ,reactionary_vent
Yeah he was fantastic. Wish Clyde could have joined for one,reactionary_vent
I wish Mike Breen was going buck wild on the broadcast at the end.,reactionary_vent
A true professional Mike Breen is.,reactionary_vent
Why does Breen laugh so much?  At least a couple of times every minute.  The other talking heads don't.,reactionary_vent
"MOST of these media guys could learn a thing from Breen on how to be a professional

its embarrassing what comes out of a lot of these former players mouths… shaq, kenny, barkley are the biggest perpetrators",reactionary_vent
"Contrast to last year when you had Reggie Miller slobbering over the pacers and laughing like a Saturday morning cartoon villain when they won game 1.

Mike Breen is pure class and the GOAT announcer for a reason",hot_take
"he's been a knick fan since he was 7 years old, so just short of 60 years",reactionary_vent
That was neutral? They all sucked off the Knicks for 4 straight games. ,reactionary_vent
Would you prefer they talked about how badly you guys got dog walked this series?,reactionary_vent
"They literally did, the entire time. We were up 5 in the 1st quarter and all they did was talk about how bad our defense was. Hell when we were up 25 in game 1 they still only talked about the Knicks lol. Don’t get me wrong, we sucked, and there wasn’t much positive to talk about, but calling the commentators neutral is laughable.",reactionary_vent
"even in the last game Mike got made fun of for saying “the lead is only 10” and whatnot. If you wanna go after anyone for being not neutral, you’re not  going after Breen, and if you are you’re just being bitter because he was as neutral as it gets.",reactionary_vent
"He was more neutral than everyone else but he was still a Knicks fan. Which like, yeah, no duh, he’s a Knicks fan. I get him not being neutral.",reactionary_vent
"Or would you rather them say “well cleveland is wining the analytical battle” like you just got swept dude, accept the fact your team is fucking ass",reactionary_vent
We are. I accepted that long before this series.,reactionary_vent
we sucked lol. Breen’s a class act ,hot_take
"Jim Harden ends the playoffs with 102 total FGM to 84 total TO.


At least it wasn't a 1:1 ratio",reactionary_vent
Dude needs to come off the bench from here on out,reactionary_vent
He's definitely not turning down his player option lol,reactionary_vent
There's a market for Harden as a color commentator.,hot_take
At Magic City,reactionary_vent
Famous for his oratory,hot_take
His defense does the talking.,hot_take
"At a strip club, maybe. ",hot_take
Idk.. Due is still good enough to be a starter. Just not for a team expecting to contend for a title. ,reactionary_vent
"Come off the bench, get on a bus, get off at the train station, get on a train, get off at the airport, get on an airplane, fly to China, get off the plane, get on a bus, and come off the bench for the Liaoning Flying Leopards.",reactionary_vent
"The Cavs don’t even make it to the ECF this year without him. He contributed to a critical win in both the Toronto &amp; Detroit series. Harden def disappeared in ECF admittedly. Felt like he checked out of the org mentally after the Gm1 collapse.

It feels like the problem is the Cavs still lack a true 2nd option when Spida isn’t clicking. Mobley’s ceiling appears to be the 3rd best guy on any team.",analysis
I held a grudge against the Thunder organization for a decade because of his play in that finals lmao! ,reactionary_vent
"Honestly if they get LeGOAT, Harden playing the non-LeBron minutes is probably still good. Just stagger their minutes like Harden and CP3, and obviously Bron will be the lead ball handler in clutch time for the playoffs. Harden can’t carry the lead playmaking load in the playoffs for a contender anymore",analysis
"Harden will be a Hall of Famer, but he’ll be known as the biggest Conference Finals Choker in history. Dude just can’t get it done ",hot_take
The basketball hall of fame isn't that prestigious relative to the others.  It's filled with players that shrunk in the moment or didn't even face that pressure.  ,hot_take
"Even if it were more prestigious, Harden would be in. But I get your point ",hot_take
"Absolutely,, but the low barrier is why I don't even think it's worth putting the hof status alongside his playoff chokes.  The hof is filled with chokers, Harden is no different.  Harden just happens to be somebody that would be in the upper echelon all time without those chokes.  He's got Curry/Jordan level offensive guard seasons without the playoff success.",reactionary_vent
"I mean, he also made the playoffs every single year of his career and had minimum 26/5/6 for a 6-year span. He is not just a regular season player. ",analysis
"Yeah, is there a single MVP winner that didn't/won't make it in? You win an MVP, you get in.",hot_take
"People talk about D Rose maybe not making it, but who knows",reactionary_vent
D Rose making it in would just weaken its credibility more,hot_take
yeah harden is a very deserving HOFer. one of the best basketball players ever ,hot_take
"Be serious for a second - there's no hall of fame where a player with Harden's level of achievement isn't getting in.

When people talk about the basketball HOF being easier to get into, they're talking about Chris Webber or Tim Hardaway-types of players",hot_take
"&gt; When people talk about the basketball HOF being easier to get into, they're talking about Chris Webber or Tim Hardaway-types of players

It is the BASKETBALL HALL OF FAME not the NBA hall of fame. Chris Webber absolutely should be in with his College stuff.",reactionary_vent
Didn’t even win a national championship btw lmao,reactionary_vent
"Wait, timeout. Are you saying the Fab 5 didn't win a championship?",reactionary_vent
"&gt; Despite their talent, they never won a Big Ten Regular Season Championship or NCAA Championship. They reached the NCAA championship game as freshmen in 1992 and again as sophomores in 1993.",reactionary_vent
Man I'm starting to get delusional about the Finals,reactionary_vent
Donte died for this. oh no he's still alive,reactionary_vent
Might as well be dead. Hell is preferable to Tampa.,hot_take
In a post Paris kinda way ,reactionary_vent
"OKC, KFC, UFC, KNICKS IN 5",reactionary_vent
"Wembanyama, Tony Montana, head to Bahamas, Knicks in 5",reactionary_vent
Wembanyama Dalai Lama Benihana Knicks in 5,reactionary_vent
"Brunson, yea Son?, I love you son, Knicks in 5",reactionary_vent
Ya winning the finals son?,reactionary_vent
I think this Knicks team is better than last year's Pacers. The Thunder are beatable. ,hot_take
It isn’t delusional. Knicks are having the most dominant 10-game playoff stretch in history. The numbers actually back that up. It isn’t delusional to think ya’ll have a really good shot ,hot_take
"They have a chance but if OKC gets through decently healthy, they’re just a whole different level than anyone in the East",hot_take
OKC's health might be a factor in the Knicks series so it's not impossible for the Knicks,hot_take
"If SAS and OKC go to game 6 or 7 and Knicks win in 4, there's a great chance they're rested playing the beat up winner of the west... Which might even it up 😅",analysis
If it’s the Spurs maybe. Not for OKC though. SGA is the only player on their who’s played more than 30 mpg in the last 2 games. They’re stupid deep ,hot_take
Manifesting an SGA 50 bomb thriller tomorrow night and cleaning it up at home in 5 so J Dub &amp; Ajay can get some rest,hot_take
"Manifesting 7 game series, the flops do nothing in game 7…. Wemby advances losing in 6 to King Brunson and the boys ",hot_take
"The Pacers took them to 7 last year, so they're not unstoppable by any means.",reactionary_vent
We need the Haliban back ,hot_take
OKC already picked up a couple of injuries and at least look human now that they’re playing a legitimate team. i don’t think it’s fair to claim they’re SO much better than the knicks when the knicks are dog walking the entire conference,reactionary_vent
"They looked human in one game at least, but yea if they do dog walk us, the east will never hear the end of it.",hot_take
They aren't gonna dog walk you because the spurs are gonna win. I haven't given up hope yet.,hot_take
"Tbf, the thunder dogwalked the lakers and suns. The spurs are just on a whole different level to everyone in the east apart from the knicks.

I do think it’s gonna be a close finals though. Especially with the knicks being able to rest and how tired the thunder Weill be after wcf",reactionary_vent
If the bar for being human is losing to an 8ft alien hitting logo pull up threes in double OT then the rest of the league are still apes lol,hot_take
"""looked human"" and it still went to double over.",reactionary_vent
Yeah except OKC is beating the spurs while dealing with injuries. Cavs are on a very different level lol,hot_take
fox missed two games and harper just picked up an injury? like why are we acting like the spurs are healthy rn?,reactionary_vent
We beat the spurs twice during reg season and the cup final,reactionary_vent
"I mean, not to burst bubbles or anything, but we beat OKC 4 out of 5 times including the cup semi final. It just doesn't matter much in the post season. That being said, the finals are going to be tough for either team out of the West. Knicks are scary good and, unless something crazy happens, will be well rested",analysis
"The Knicks are a bad matchup for the Spurs. Lots of outside shooting, KAT needs to be defended outside the arc which draws Wemby out of the paint, plus lots of length to throw at Wemby on defense.",hot_take
"Yes, and we all remember when Brooklyn swept the Heatles in the regular season and all their fans thought they would beat them in a 7 game series too",reactionary_vent
"Boooooooooooooooooring!

Exact same nonsense as last year. I can’t believe you’re making me defend the Knicks, but that line right there was the constant in all the reporting on the Finals. 

‘It’s cute but the Pacers are in the East, so.’  

Fuck that. The Knicks have a legit chance and are clearly playing better than OKC right now. ",hot_take
Still had that massive Game 1 and somehow has 30pt game tonight shooting 10-19 that's kind of going under the radar.  It's wild how this is going because before this season Brunson going 2-16 in any context would've been a death sentence for the team.,analysis
*knicks in 3 ,hot_take
"Ok the issue is, OKC before they played the Spurs were 8-0, Spurs were 8-3 but 2 of those games were without Wemby (concussion and elbow thing), realistically would have been 8-1 with the Champanigne missing the open 3 in game 1. I think while it is impressive, the other 2 teams have been just as dominant. Knicks won't be favored unless the teams are dealing with big injuries",analysis
I never said he wasn’t. Just that he wasn’t 100% neutral,hot_take
If anything JB has room to grow because he is shooting 2/16 or so from 3 for the series rn,hot_take
"OKC seems to have the bench advantage, their depth allows them to not overwork their starters while remaining competitive, but still the series will probably go to 6 or 7, so they'll still be far more tired. Plus one cannot discount the possibility of injuries, particularly in such a physical and demading series.",analysis
He calls like 60 or so Knicks games a season for the past 25 years.  That man has witnessed some shit. ,hot_take
"Because throughout the whole run it’s been said there’s a defender that’ll give Brunson hell and he’s averaged 30. Dyson, PG, Wade. Yes OKC is different but it gets repetitive. I see Brunson averaging 30 if the series happens",hot_take
"There were like 12k-ish fans in the garden for the watch party and there's hella sports bars around the area so no matter what people were gonna show up around there.  Monday won't have nearly as much outside the garden because there's a concert inside and the watch parties will be spread around like last year vs the Celtics.  I bet radio city, Central Park, wall st, BK bridge park, maybe flushing meadows ",hot_take
0% chance they beat OKC,reactionary_vent
Brunson is generating a ton of looks off his gravity similar to steph but in like different areas of the court with dribble pentration rather than out cardioing your defender on the perimeter with the threat of your 3,hot_take
"It aint really about Brunson, it's if the other guys can keep the hot shooting streak going.

That is really the key, they'll need to match the other guys at OKC, over a series which is tough but not impossible, given what they are doing now.",analysis
"We’re all taking sick days if the Knicks win it all for the parade. They should just give all of NYC, Long Island, North Jersey, Southern NYS, and Western Connecticut off that day cause no Knicks fans are going to work that day.",hot_take
"Knicks were being slept on which isnt surprising , ppl doubted brunson while others like me said he was a superstar the min he signed with the Knicks have a real chance to win it all.",hot_take
